tecnica,tempo,tokens,acerto
chain_of_thought,5552.723089853923,52.833333333333336,0.0
few_shot,4983.7857484817505,92.83333333333333,0.0
role_prompting,5485.166152318318,32.833333333333336,0.0
zero_shot,5590.338706970215,63.833333333333336,33.33333333333333
